{"loss": [0.05986885726451874, 0.06008930131793022, 0.05869358405470848, 0.0594429187476635, 0.05997228994965553, 0.059060871601104736, 0.05862567946314812, 0.05870867148041725, 0.058777060359716415, 0.058352988213300705, 0.058301735669374466, 0.05879342928528786, 0.05712175741791725, 0.058181893080472946, 0.05697073042392731, 0.05776163190603256, 0.05655740201473236, 0.05754660442471504, 0.05692508444190025, 0.05622388795018196, 0.05716932564973831, 0.05696826055645943, 0.05599704012274742, 0.05599617585539818, 0.05609962344169617, 0.05709092319011688, 0.05592581629753113, 0.05536818504333496, 0.055480554699897766, 0.0569697730243206, 0.05515943467617035, 0.054737795144319534, 0.055066633969545364, 0.0550604984164238, 0.054282642900943756, 0.05456092581152916, 0.05513163283467293, 0.054905056953430176, 0.054106928408145905, 0.05516847223043442, 0.053955160081386566, 0.05418242886662483, 0.05411994084715843, 0.05410341918468475, 0.053609058260917664, 0.05391418933868408, 0.05352644622325897, 0.05310665816068649, 0.053274769335985184, 0.0529056116938591], "root_mean_squared_error": [0.2446814775466919, 0.24513112008571625, 0.24226753413677216, 0.24380932748317719, 0.24489222466945648, 0.24302458763122559, 0.24212712049484253, 0.24229882657527924, 0.24243980646133423, 0.2415638417005539, 0.2414574921131134, 0.24247370660305023, 0.23900140821933746, 0.24120913445949554, 0.23868563771247864, 0.24033623933792114, 0.23781809210777283, 0.23988886177539825, 0.238589808344841, 0.23711585998535156, 0.23910127580165863, 0.23868030309677124, 0.2366369515657425, 0.23663519322872162, 0.2368534505367279, 0.238937109708786, 0.23648618161678314, 0.23530443012714386, 0.23554295301437378, 0.23868362605571747, 0.23486045002937317, 0.23396123945713043, 0.23466290533542633, 0.23464970290660858, 0.23298659920692444, 0.23358263075351715, 0.23480147123336792, 0.2343183308839798, 0.2326088845729828, 0.23487988114356995, 0.23228240013122559, 0.23277133703231812, 0.23263701796531677, 0.23260152339935303, 0.23153604567050934, 0.23219436407089233, 0.23135794699192047, 0.23044873774051666, 0.23081320524215698, 0.23001240193843842]}