{"loss": [0.0980561226606369, 0.09800150245428085, 0.09540252387523651, 0.09640401601791382, 0.09467058628797531, 0.09431113302707672, 0.09380791336297989, 0.09225337952375412, 0.0929013341665268, 0.09100767225027084, 0.09264742583036423, 0.08987188339233398, 0.09036817401647568, 0.08863941580057144, 0.08887732028961182, 0.08808335661888123, 0.0869644284248352, 0.08790924400091171, 0.08622566610574722, 0.08540432155132294, 0.0849657878279686, 0.08528686314821243, 0.08556272834539413, 0.08390358090400696, 0.08297917246818542, 0.0837404727935791, 0.08218413591384888, 0.08157407492399216, 0.08242396265268326, 0.08226358145475388, 0.08118850737810135, 0.0794321671128273, 0.08039989322423935, 0.07876838743686676, 0.07844701409339905, 0.07817421108484268, 0.07701652497053146, 0.07838825136423111, 0.07716570049524307, 0.07612484693527222, 0.07702676206827164, 0.07672929018735886, 0.07586761564016342, 0.0742027759552002, 0.07467804104089737, 0.07424238324165344, 0.07342230528593063, 0.07365112751722336, 0.07322566211223602, 0.07338365167379379], "root_mean_squared_error": [0.3131392300128937, 0.3130522668361664, 0.30887314677238464, 0.31049013137817383, 0.3076861798763275, 0.3071010708808899, 0.3062805235385895, 0.3037322163581848, 0.3047970235347748, 0.30167490243911743, 0.30438050627708435, 0.29978612065315247, 0.30061307549476624, 0.29772406816482544, 0.2981228530406952, 0.2967884838581085, 0.2948974072933197, 0.2964945435523987, 0.2936418056488037, 0.29224029183387756, 0.2914885878562927, 0.2920389473438263, 0.29251110553741455, 0.28966110944747925, 0.28806108236312866, 0.28937965631484985, 0.28667765855789185, 0.28561165928840637, 0.28709614276885986, 0.28681638836860657, 0.2849361300468445, 0.28183746337890625, 0.2835487723350525, 0.2806569039821625, 0.2800842821598053, 0.2795964777469635, 0.27751830220222473, 0.27997884154319763, 0.2777872681617737, 0.27590709924697876, 0.27753716707229614, 0.2770002484321594, 0.2754407525062561, 0.27240175008773804, 0.27327245473861694, 0.27247440814971924, 0.2709651291370392, 0.27138760685920715, 0.2706022560596466, 0.27089402079582214]}