{"loss": [0.05287248268723488, 0.05339000001549721, 0.05276123806834221, 0.05208878219127655, 0.05297774076461792, 0.05285274237394333, 0.05300237610936165, 0.05150233954191208, 0.0521002896130085, 0.052373915910720825, 0.05157102271914482, 0.05259232223033905, 0.051756005734205246, 0.05190781503915787, 0.0521036796271801, 0.051838602870702744, 0.05218343064188957, 0.05095694586634636, 0.051638372242450714, 0.05186665430665016, 0.050761304795742035, 0.051781609654426575, 0.0505216121673584, 0.05104467272758484, 0.05117500200867653, 0.05086689069867134, 0.051111284643411636, 0.050886012613773346, 0.0504288487136364, 0.0515667200088501, 0.04989399015903473, 0.0502343475818634, 0.05075429752469063, 0.05049491673707962, 0.05000931769609451, 0.05061620473861694, 0.04986067861318588, 0.049867987632751465, 0.04952094703912735, 0.050070349127054214, 0.049770381301641464, 0.050832442939281464, 0.04993066191673279, 0.04849939048290253, 0.04936397448182106, 0.049629710614681244, 0.04941077157855034, 0.049591220915317535, 0.049327921122312546, 0.049393050372600555, 0.049243029206991196, 0.04896998777985573, 0.049531422555446625, 0.04894893616437912, 0.0493713803589344, 0.04884616285562515, 0.04842080548405647, 0.0496143214404583, 0.04776891693472862, 0.0491446889936924, 0.048667099326848984, 0.049061525613069534, 0.04767759516835213, 0.04848182201385498, 0.04859280213713646, 0.04789469763636589, 0.04812479391694069, 0.04874135181307793, 0.048301711678504944, 0.04894065484404564, 0.04824250563979149, 0.04780133068561554, 0.04800727963447571, 0.04705803841352463, 0.0497257374227047, 0.04836149513721466, 0.04731188341975212, 0.04745084419846535, 0.047053948044776917, 0.04823003336787224, 0.04674797132611275, 0.04833781719207764, 0.047999005764722824, 0.04773183539509773, 0.048106346279382706, 0.04649168625473976, 0.047386616468429565, 0.04716182500123978, 0.047169458121061325, 0.04900628328323364, 0.04877282306551933, 0.04647228121757507, 0.046745095402002335, 0.048748698085546494, 0.046979695558547974, 0.046881455928087234, 0.0469498485326767, 0.047309305518865585, 0.04672834277153015, 0.04706646129488945], "root_mean_squared_error": [0.22994013130664825, 0.2310628890991211, 0.22969815135002136, 0.2282295972108841, 0.23016910254955292, 0.2298971563577652, 0.23022276163101196, 0.22694137692451477, 0.2282549887895584, 0.22885358333587646, 0.2270926982164383, 0.2293301224708557, 0.22749924659729004, 0.22783298790454865, 0.22826209664344788, 0.22768107056617737, 0.22843696177005768, 0.22573664784431458, 0.22724105417728424, 0.22774268686771393, 0.22530242800712585, 0.22755585610866547, 0.22476977109909058, 0.22593052685260773, 0.22621864080429077, 0.22553659975528717, 0.22607776522636414, 0.22557950019836426, 0.22456368803977966, 0.22708332538604736, 0.22336965799331665, 0.22413033246994019, 0.22528715431690216, 0.22471082210540771, 0.22362756729125977, 0.22498057782649994, 0.22329504787921906, 0.2233114242553711, 0.22253309190273285, 0.22376398742198944, 0.22309280931949615, 0.22546033561229706, 0.2234514355659485, 0.22022584080696106, 0.2221798598766327, 0.22277742624282837, 0.22228550910949707, 0.2226911336183548, 0.22209902107715607, 0.22224551439285278, 0.22190767526626587, 0.2212916910648346, 0.22255679965019226, 0.22124414145946503, 0.22219674289226532, 0.22101184725761414, 0.22004735469818115, 0.22274300456047058, 0.2185611128807068, 0.2216859608888626, 0.22060632705688477, 0.2214985340833664, 0.21835176646709442, 0.22018596529960632, 0.22043797373771667, 0.21884869039058685, 0.21937358379364014, 0.22077469527721405, 0.2197764664888382, 0.22122560441493988, 0.21964162588119507, 0.21863512694835663, 0.2191055715084076, 0.216928631067276, 0.2229926586151123, 0.2199126034975052, 0.21751295030117035, 0.21783214807510376, 0.21691900491714478, 0.21961311995983124, 0.21621295809745789, 0.21985836327075958, 0.21908679604530334, 0.21847617626190186, 0.21933121979236603, 0.21561917662620544, 0.21768465638160706, 0.21716748178005219, 0.2171853929758072, 0.2213735282421112, 0.22084559500217438, 0.21557410061359406, 0.21620622277259827, 0.22079096734523773, 0.21674814820289612, 0.2165212482213974, 0.2166791707277298, 0.21750696003437042, 0.21616779267787933, 0.2169480174779892]}