{"loss": [0.04711604490876198, 0.046717457473278046, 0.04739154502749443, 0.04610192030668259, 0.047607600688934326, 0.047822460532188416, 0.046136777848005295, 0.04717233404517174, 0.04666410759091377, 0.04734989255666733, 0.046770334243774414, 0.046415120363235474, 0.04686664789915085, 0.04739728569984436, 0.046425022184848785, 0.0474662184715271, 0.04569898173213005, 0.04770679026842117, 0.04529811441898346, 0.04617951810359955, 0.046684324741363525, 0.0458255372941494, 0.04646768420934677, 0.04634895920753479, 0.04669564589858055, 0.046291232109069824, 0.04710172861814499, 0.04618743062019348, 0.0467509999871254, 0.04612145200371742, 0.04593862593173981, 0.045346420258283615, 0.04610394686460495, 0.04648744687438011, 0.04552163556218147, 0.0458923764526844, 0.046929504722356796, 0.04673813283443451, 0.04555461183190346, 0.045548006892204285, 0.045496780425310135, 0.04691920056939125, 0.045041944831609726, 0.04612894728779793, 0.04608563706278801, 0.04455558955669403, 0.04729962348937988, 0.04511485621333122, 0.045045748353004456, 0.04697854444384575, 0.04596460983157158, 0.04585672914981842, 0.045249514281749725, 0.04615093767642975, 0.04478524625301361, 0.044895242899656296, 0.04605669528245926, 0.044900327920913696, 0.0444461852312088, 0.04561053216457367, 0.04663580656051636, 0.045183710753917694, 0.044912077486515045, 0.04557342454791069, 0.04498971253633499, 0.04623447731137276, 0.04490489885210991, 0.04576854780316353, 0.04430572688579559, 0.044754981994628906, 0.0456426739692688, 0.04461362585425377, 0.04501867666840553, 0.04539894312620163, 0.044024091213941574, 0.04470367357134819, 0.04480205476284027, 0.04474886879324913, 0.04490615800023079, 0.044991910457611084, 0.045327603816986084, 0.04474080726504326, 0.04469003900885582, 0.04453858360648155, 0.045274768024683, 0.04432319104671478, 0.04755270853638649, 0.044301316142082214, 0.04515140876173973, 0.04502705857157707, 0.04526783898472786, 0.04445410892367363, 0.04484381526708603, 0.04475316405296326, 0.04608526453375816, 0.04376092553138733, 0.0442030094563961, 0.04504644498229027, 0.04491046816110611, 0.04529564827680588], "root_mean_squared_error": [0.2170623242855072, 0.21614201366901398, 0.21769602596759796, 0.21471373736858368, 0.21819181740283966, 0.21868352591991425, 0.21479466557502747, 0.21719186007976532, 0.21601897478103638, 0.2176004946231842, 0.2162645012140274, 0.21544192731380463, 0.21648693084716797, 0.2177092432975769, 0.215464785695076, 0.21786752343177795, 0.2137732356786728, 0.218418687582016, 0.21283367276191711, 0.21489429473876953, 0.21606549620628357, 0.21406903862953186, 0.21556346118450165, 0.21528807282447815, 0.21609199047088623, 0.21515382826328278, 0.21702921390533447, 0.21491245925426483, 0.21621985733509064, 0.21475902199745178, 0.21433299779891968, 0.21294696629047394, 0.21471835672855377, 0.21560931205749512, 0.21335777640342712, 0.21422511339187622, 0.21663208305835724, 0.21618998050689697, 0.21343520283699036, 0.21341978013515472, 0.21329985558986664, 0.21660853922367096, 0.21223096549510956, 0.21477653086185455, 0.21467582881450653, 0.21108205616474152, 0.21748463809490204, 0.21240252256393433, 0.2122398465871811, 0.21674518287181854, 0.21439360082149506, 0.21414171159267426, 0.21271924674510956, 0.21482770144939423, 0.21162520349025726, 0.21188504993915558, 0.2146083116531372, 0.21189714968204498, 0.21082259714603424, 0.21356633305549622, 0.21595311164855957, 0.21256451308727264, 0.21192491054534912, 0.21347922086715698, 0.21210797131061554, 0.21502192318439484, 0.21190746128559113, 0.21393589675426483, 0.21048936247825623, 0.21155358850955963, 0.21364137530326843, 0.2112194448709488, 0.21217617392539978, 0.2130705565214157, 0.20981919765472412, 0.21143251657485962, 0.21166515350341797, 0.21153929829597473, 0.21191072463989258, 0.21211311221122742, 0.21290285885334015, 0.21152007579803467, 0.21139994263648987, 0.2110416740179062, 0.21277885138988495, 0.21053077280521393, 0.21806591749191284, 0.2104787528514862, 0.21248841285705566, 0.21219606697559357, 0.21276237070560455, 0.21084155142307281, 0.2117634117603302, 0.21154949069023132, 0.21467489004135132, 0.20919084548950195, 0.21024511754512787, 0.21224166452884674, 0.21192097663879395, 0.21282771229743958]}